<?xml version="1.0" encoding="UTF-8"?>
<configuration>
	<!--
		Allows to inspect and change the configuration through JMX at runtime,
		for example, using JConsole.
	-->
	<jmxConfigurator />

	<appender name="STDOUT" class="ch.qos.logback.core.ConsoleAppender">
		<encoder>
			<pattern>%d{HH:mm:ss.SSS} [%thread] %-5level %logger{36} - %msg%n</pattern>
		</encoder>
	</appender>

	<root level="debug">
		<appender-ref ref="STDOUT"/>
	</root>

	<!-- Disable debugging messages for certain dependencies -->
	<logger name="ch.qos.logback" level="WARN"/>

</configuration>
