<?xml version="1.0" encoding="UTF-8"?>
<ruleset
		xmlns="http://pmd.sourceforge.net/ruleset/2.0.0"
		xmlns:xsi="http://www.w3.org/2001/XMLSchema-instance"
		name="PMD-rules"
		xsi:schemaLocation="http://pmd.sourceforge.net/ruleset/2.0.0 http://pmd.sourceforge.net/ruleset_2_0_0.xsd">

	<description>PMD rules selection suitable for Random-Big-Rich-Man</description>

	<rule ref="rulesets/java/basic.xml"/>
	<rule ref="rulesets/java/braces.xml"/>
	<rule ref="rulesets/java/clone.xml"/>
	<!--<rule ref="rulesets/java/codesize.xml"/>-->
	<!--<rule ref="rulesets/java/comments.xml"/>-->
	<rule ref="rulesets/java/controversial.xml">
		<exclude name="AtLeastOneConstructor"/>
		<exclude name="AvoidFinalLocalVariable"/>
		<exclude name="CallSuperInConstructor"/>
		<exclude name="DataflowAnomalyAnalysis"/>
		<exclude name="NullAssignment"/>
		<exclude name="OnlyOneReturn"/>
	</rule>
	<!--<rule ref="rulesets/java/coupling.xml"/>-->
	<!--<rule ref="rulesets/java/design.xml"/>-->
	<rule ref="rulesets/java/empty.xml"/>
	<!--<rule ref="rulesets/java/finalizers.xml"/>-->
	<rule ref="rulesets/java/imports.xml"/>
	<rule ref="rulesets/java/javabeans.xml">
		<exclude name="BeanMembersShouldSerialize"/> <!-- NOTE We might want to use this one day -->
	</rule>
	<rule ref="rulesets/java/junit.xml"/>
	<rule ref="rulesets/java/migrating_to_15.xml"/>
	<rule ref="rulesets/java/naming.xml">
		<exclude name="LongVariable"/>
	</rule>
	<!--<rule ref="rulesets/java/optimizations.xml">
	</rule>-->
	<!--<rule ref="rulesets/java/strictexception.xml"/>-->
	<rule ref="rulesets/java/strings.xml"/>
	<!--<rule ref="rulesets/java/sunsecure.xml"/>-->
	<rule ref="rulesets/java/typeresolution.xml"/>
	<rule ref="rulesets/java/unnecessary.xml">
		<exclude name="UselessParentheses"/>
	</rule>
	<!--<rule ref="rulesets/java/unusedcode.xml"/>-->
</ruleset>
